"","A.q103_district","herbi_1st_use","V1","distcount","firstusecount","percent","cumulative_percent","pred"
"1","Arah",2000,7,32,3,9.375,9.375,1.64846926985812
"2","Arah",2001,26,32,1,3.125,12.5,2.15555796214113
"3","Arah",2002,NA,NA,NA,NA,NA,2.81416984738014
"4","Arah",2003,NA,NA,NA,NA,NA,3.66647413080067
"5","Arah",2004,NA,NA,NA,NA,NA,4.76425465032689
"6","Arah",2005,NA,NA,NA,NA,NA,6.16967136262653
"7","Arah",2006,NA,NA,NA,NA,NA,7.95504424527601
"8","Arah",2007,NA,NA,NA,NA,NA,10.2008981528228
"9","Arah",2008,62,32,1,3.125,15.625,12.991307783586
"10","Arah",2009,NA,NA,NA,NA,NA,16.4055718912308
"11","Arah",2010,78,32,3,9.375,25,20.5056716916686
"12","Arah",2011,NA,NA,NA,NA,NA,25.3200990949521
"13","Arah",2012,NA,NA,NA,NA,NA,30.8265497143641
"14","Arah",2013,132,32,1,3.125,28.125,36.9381960947048
"15","Arah",2014,153,32,2,6.25,34.375,43.4995640180529
"16","Arah",2015,179,32,6,18.75,53.125,50.2968525469554
"17","Arah",2016,212,32,2,6.25,59.375,57.0831859600517
"18","Arah",2017,244,32,3,9.375,68.75,63.6132619873981
"19","Arah",2018,274,32,1,3.125,71.875,69.6775388886376
"20","Arah",2019,NA,NA,NA,NA,NA,75.126324044919
"21","Arah",2020,NA,NA,NA,NA,NA,79.8787380210043
"22","Arah",2021,NA,NA,NA,NA,NA,83.9175253129632
"23","Arah",2022,NA,NA,NA,NA,NA,87.2747835990097
"24","Arah",2023,NA,NA,NA,NA,NA,90.0145984944244
"25","Arah",2024,NA,NA,NA,NA,NA,92.2171201384889
"26","Arah",2025,NA,NA,NA,NA,NA,93.9663865222119
"27","Arah",2026,NA,NA,NA,NA,NA,95.3423484828735
"28","Arah",2027,NA,NA,NA,NA,NA,96.4164897576038
"29","Arah",2028,NA,NA,NA,NA,NA,97.2500588827854
"30","Arah",2029,NA,NA,NA,NA,NA,97.8939647910445
"31","Arah",2030,NA,NA,NA,NA,NA,98.389595147506
"32","Araria",2000,8,9,1,11.1111111111111,11.1111111111111,12.5423522895379
"33","Araria",2001,NA,NA,NA,NA,NA,14.3717891307193
"34","Araria",2002,NA,NA,NA,NA,NA,16.417975919074
"35","Araria",2003,NA,NA,NA,NA,NA,18.6918950174245
"36","Araria",2004,NA,NA,NA,NA,NA,21.200869890947
"37","Araria",2005,NA,NA,NA,NA,NA,23.947430139714
"38","Araria",2006,NA,NA,NA,NA,NA,26.9282120680072
"39","Araria",2007,NA,NA,NA,NA,NA,30.1330132193377
"40","Araria",2008,NA,NA,NA,NA,NA,33.5441365581875
"41","Araria",2009,NA,NA,NA,NA,NA,37.1361593503845
"42","Araria",2010,79,9,3,33.3333333333333,44.4444444444444,40.8762369262525
"43","Araria",2011,NA,NA,NA,NA,NA,44.7250003108976
"44","Araria",2012,NA,NA,NA,NA,NA,48.63803366522
"45","Araria",2013,NA,NA,NA,NA,NA,52.5678343060969
"46","Araria",2014,NA,NA,NA,NA,NA,56.4660817135335
"47","Araria",2015,NA,NA,NA,NA,NA,60.285990103443
"48","Araria",2016,213,9,1,11.1111111111111,55.5555555555556,63.9845047643376
"49","Araria",2017,245,9,1,11.1111111111111,66.6666666666667,67.5241291189328
"50","Araria",2018,275,9,1,11.1111111111111,77.7777777777778,70.8742305391297
"51","Araria",2019,NA,NA,NA,NA,NA,74.0117533536439
"52","Araria",2020,NA,NA,NA,NA,NA,76.92134917882
"53","Araria",2021,NA,NA,NA,NA,NA,79.5950019598985
"54","Araria",2022,NA,NA,NA,NA,NA,82.0312683620969
"55","Araria",2023,NA,NA,NA,NA,NA,84.2342710991144
"56","Araria",2024,NA,NA,NA,NA,NA,86.2125771252544
"57","Araria",2025,NA,NA,NA,NA,NA,87.9780714494918
"58","Araria",2026,NA,NA,NA,NA,NA,89.544908495979
"59","Araria",2027,NA,NA,NA,NA,NA,90.9285930772941
"60","Araria",2028,NA,NA,NA,NA,NA,92.1452166767895
"61","Araria",2029,NA,NA,NA,NA,NA,93.2108541624168
"62","Araria",2030,NA,NA,NA,NA,NA,94.1411118183738
"63","Arwal",2000,NA,NA,NA,NA,NA,1.46769025884631
"64","Arwal",2001,NA,NA,NA,NA,NA,1.97653441075397
"65","Arwal",2002,NA,NA,NA,NA,NA,2.65703619420422
"66","Arwal",2003,NA,NA,NA,NA,NA,3.56331136730593
"67","Arwal",2004,NA,NA,NA,NA,NA,4.7635764554791
"68","Arwal",2005,37,23,1,4.34782608695652,13.0434782608696,6.34155254198549
"69","Arwal",2006,NA,NA,NA,NA,NA,8.39616341187569
"70","Arwal",2007,NA,NA,NA,NA,NA,11.0379987759975
"71","Arwal",2008,NA,NA,NA,NA,NA,14.3805872352328
"72","Arwal",2009,NA,NA,NA,NA,NA,18.5246214357233
"73","Arwal",2010,80,23,3,13.0434782608696,26.0869565217391,23.5345865926559
"74","Arwal",2011,NA,NA,NA,NA,NA,29.4103952786996
"75","Arwal",2012,114,23,3,13.0434782608696,39.1304347826087,36.0613590941944
"76","Arwal",2013,NA,NA,NA,NA,NA,43.2939191171646
"77","Arwal",2014,154,23,1,4.34782608695652,43.4782608695652,50.8240117799329
"78","Arwal",2015,180,23,2,8.69565217391304,52.1739130434783,58.3169003283749
"79","Arwal",2016,214,23,2,8.69565217391304,60.8695652173913,65.4443454070443
"80","Arwal",2017,246,23,4,17.3913043478261,78.2608695652174,71.9394801329647
"81","Arwal",2018,276,23,1,4.34782608695652,82.6086956521739,77.6310619663924
"82","Arwal",2019,303,23,1,4.34782608695652,86.9565217391304,82.4498400732075
"83","Arwal",2020,NA,NA,NA,NA,NA,86.4122378876492
"84","Arwal",2021,NA,NA,NA,NA,NA,89.5929435712811
"85","Arwal",2022,NA,NA,NA,NA,NA,92.0971838967376
"86","Arwal",2023,NA,NA,NA,NA,NA,94.0389247833716
"87","Arwal",2024,NA,NA,NA,NA,NA,95.5267480290313
"88","Arwal",2025,NA,NA,NA,NA,NA,96.6564291030273
"89","Arwal",2026,NA,NA,NA,NA,NA,97.5082605919679
"90","Arwal",2027,NA,NA,NA,NA,NA,98.147233474967
"91","Arwal",2028,NA,NA,NA,NA,NA,98.624661563096
"92","Arwal",2029,NA,NA,NA,NA,NA,98.9803422434987
"93","Arwal",2030,NA,NA,NA,NA,NA,99.244743604201
"94","Aurangabad",2000,9,27,6,22.2222222222222,25.9259259259259,17.3669136472959
"95","Aurangabad",2001,NA,NA,NA,NA,NA,19.9328737890737
"96","Aurangabad",2002,NA,NA,NA,NA,NA,22.7734697153302
"97","Aurangabad",2003,NA,NA,NA,NA,NA,25.8879876061608
"98","Aurangabad",2004,33,27,1,3.7037037037037,29.6296296296296,29.2670267746899
"99","Aurangabad",2005,38,27,2,7.40740740740741,37.037037037037,32.8913753786336
"100","Aurangabad",2006,NA,NA,NA,NA,NA,36.7314772753533
"101","Aurangabad",2007,NA,NA,NA,NA,NA,40.7476899475736
"102","Aurangabad",2008,63,27,1,3.7037037037037,40.7407407407407,44.8914535309825
"103","Aurangabad",2009,NA,NA,NA,NA,NA,49.1073662784386
"104","Aurangabad",2010,81,27,3,11.1111111111111,51.8518518518518,53.3360139050137
"105","Aurangabad",2011,NA,NA,NA,NA,NA,57.5172632040603
"106","Aurangabad",2012,NA,NA,NA,NA,NA,61.5936405175925
"107","Aurangabad",2013,133,27,1,3.7037037037037,55.5555555555556,65.513398821302
"108","Aurangabad",2014,NA,NA,NA,NA,NA,69.2329383085382
"109","Aurangabad",2015,181,27,3,11.1111111111111,66.6666666666667,72.7183666048029
"110","Aurangabad",2016,215,27,2,7.40740740740741,74.0740740740741,75.9461326390834
"111","Aurangabad",2017,247,27,4,14.8148148148148,88.8888888888889,78.9028061889398
"112","Aurangabad",2018,277,27,1,3.7037037037037,92.5925925925926,81.5841755132254
"113","Aurangabad",2019,NA,NA,NA,NA,NA,83.9938859380406
"114","Aurangabad",2020,NA,NA,NA,NA,NA,86.1418454664695
"115","Aurangabad",2021,NA,NA,NA,NA,NA,88.0425921238694
"116","Aurangabad",2022,NA,NA,NA,NA,NA,89.7137679936461
"117","Aurangabad",2023,NA,NA,NA,NA,NA,91.1747911793806
"118","Aurangabad",2024,NA,NA,NA,NA,NA,92.4457692166645
"119","Aurangabad",2025,NA,NA,NA,NA,NA,93.5466608048627
"120","Aurangabad",2026,NA,NA,NA,NA,NA,94.4966682400356
"121","Aurangabad",2027,NA,NA,NA,NA,NA,95.3138292323833
"122","Aurangabad",2028,NA,NA,NA,NA,NA,96.0147713848027
"123","Aurangabad",2029,NA,NA,NA,NA,NA,96.614592821929
"124","Aurangabad",2030,NA,NA,NA,NA,NA,97.1268359809411
"125","Banka",2000,10,43,3,6.97674418604651,6.97674418604651,0.762556152014729
"126","Banka",2001,NA,NA,NA,NA,NA,1.02980513080749
"127","Banka",2002,NA,NA,NA,NA,NA,1.38940409688174
"128","Banka",2003,NA,NA,NA,NA,NA,1.87219652755868
"129","Banka",2004,34,43,1,2.32558139534884,9.30232558139535,2.51846592339495
"130","Banka",2005,NA,NA,NA,NA,NA,3.38013853532909
"131","Banka",2006,NA,NA,NA,NA,NA,4.52294662859846
"132","Banka",2007,NA,NA,NA,NA,NA,6.02802671418327
"133","Banka",2008,NA,NA,NA,NA,NA,7.9920220607251
"134","Banka",2009,72,43,1,2.32558139534884,11.6279069767442,10.5242444715957
"135","Banka",2010,82,43,2,4.65116279069767,16.2790697674419,13.7389804780438
"136","Banka",2011,NA,NA,NA,NA,NA,17.7409870743191
"137","Banka",2012,115,43,2,4.65116279069767,20.9302325581395,22.6032696377701
"138","Banka",2013,134,43,1,2.32558139534884,23.2558139534884,28.3390636247483
"139","Banka",2014,155,43,3,6.97674418604651,30.2325581395349,34.8745242844462
"140","Banka",2015,182,43,6,13.953488372093,44.1860465116279,42.033122662681
"141","Banka",2016,216,43,4,9.30232558139535,53.4883720930233,49.5433015960118
"142","Banka",2017,248,43,3,6.97674418604651,60.4651162790698,57.0741462086845
"143","Banka",2018,278,43,1,2.32558139534884,62.7906976744186,64.2911244791367
"144","Banka",2019,304,43,3,6.97674418604651,69.7674418604651,70.9131085513097
"145","Banka",2020,NA,NA,NA,NA,NA,76.7511567131962
"146","Banka",2021,NA,NA,NA,NA,NA,81.7195108280595
"147","Banka",2022,NA,NA,NA,NA,NA,85.8222424111956
"148","Banka",2023,NA,NA,NA,NA,NA,89.1267049367731
"149","Banka",2024,NA,NA,NA,NA,NA,91.7351542550126
"150","Banka",2025,NA,NA,NA,NA,NA,93.761648718786
"151","Banka",2026,NA,NA,NA,NA,NA,95.3166255367842
"152","Banka",2027,NA,NA,NA,NA,NA,96.498482177556
"153","Banka",2028,NA,NA,NA,NA,NA,97.3902613110393
"154","Banka",2029,NA,NA,NA,NA,NA,98.05948617961
"155","Banka",2030,NA,NA,NA,NA,NA,98.5596373284981
"156","Begusarai",2000,11,53,2,3.77358490566038,7.54716981132075,0.616211358872049
"157","Begusarai",2001,NA,NA,NA,NA,NA,0.859830331899728
"158","Begusarai",2002,NA,NA,NA,NA,NA,1.19860240371784
"159","Begusarai",2003,NA,NA,NA,NA,NA,1.66860374893574
"160","Begusarai",2004,NA,NA,NA,NA,NA,2.31857916956186
"161","Begusarai",2005,39,53,2,3.77358490566038,11.3207547169811,3.21346702359437
"162","Begusarai",2006,NA,NA,NA,NA,NA,4.43805663631418
"163","Begusarai",2007,NA,NA,NA,NA,NA,6.09990210002366
"164","Begusarai",2008,NA,NA,NA,NA,NA,8.32978905216574
"165","Begusarai",2009,NA,NA,NA,NA,NA,11.2769392490981
"166","Begusarai",2010,83,53,5,9.43396226415094,20.7547169811321,15.0951129343361
"167","Begusarai",2011,111,53,1,1.88679245283019,22.6415094339623,19.9158630138512
"168","Begusarai",2012,116,53,1,1.88679245283019,24.5283018867925,25.8081901018707
"169","Begusarai",2013,135,53,2,3.77358490566038,28.3018867924528,32.7313160270172
"170","Begusarai",2014,156,53,2,3.77358490566038,32.0754716981132,40.4978599680082
"171","Begusarai",2015,183,53,10,18.8679245283019,50.9433962264151,48.7711529927448
"172","Begusarai",2016,217,53,3,5.66037735849057,56.6037735849057,57.1123282095522
"173","Begusarai",2017,249,53,5,9.43396226415094,66.0377358490566,65.0681224805605
"174","Begusarai",2018,279,53,6,11.3207547169811,77.3584905660377,72.2647906005661
"175","Begusarai",2019,305,53,1,1.88679245283019,79.2452830188679,78.4694020568528
"176","Begusarai",2020,NA,NA,NA,NA,NA,83.6009715379032
"177","Begusarai",2021,NA,NA,NA,NA,NA,87.7011841277712
"178","Begusarai",2022,NA,NA,NA,NA,NA,90.8879670949357
"179","Begusarai",2023,NA,NA,NA,NA,NA,93.3119831783835
"180","Begusarai",2024,NA,NA,NA,NA,NA,95.1257363562979
"181","Begusarai",2025,NA,NA,NA,NA,NA,96.4662373907739
"182","Begusarai",2026,NA,NA,NA,NA,NA,97.4479694265904
"183","Begusarai",2027,NA,NA,NA,NA,NA,98.1621577860719
"184","Begusarai",2028,NA,NA,NA,NA,NA,98.6791887958685
"185","Begusarai",2029,NA,NA,NA,NA,NA,99.052170508578
"186","Begusarai",2030,NA,NA,NA,NA,NA,99.3205517385936
"187","Bhagalpur",2000,12,42,1,2.38095238095238,2.38095238095238,1.49993234562156
"188","Bhagalpur",2001,NA,NA,NA,NA,NA,1.96106618255113
"189","Bhagalpur",2002,NA,NA,NA,NA,NA,2.56028438711357
"190","Bhagalpur",2003,NA,NA,NA,NA,NA,3.33636719206036
"191","Bhagalpur",2004,NA,NA,NA,NA,NA,4.33722768166181
"192","Bhagalpur",2005,40,42,1,2.38095238095238,4.76190476190476,5.62087263895288
"193","Bhagalpur",2006,NA,NA,NA,NA,NA,7.25561054131746
"194","Bhagalpur",2007,NA,NA,NA,NA,NA,9.31884111823473
"195","Bhagalpur",2008,NA,NA,NA,NA,NA,11.8935397450709
"196","Bhagalpur",2009,73,42,1,2.38095238095238,7.14285714285714,15.0614488879678
"197","Bhagalpur",2010,84,42,7,16.6666666666667,23.8095238095238,18.8922183467818
"198","Bhagalpur",2011,NA,NA,NA,NA,NA,23.428567450516
"199","Bhagalpur",2012,117,42,3,7.14285714285714,30.9523809523809,28.6691534599109
"200","Bhagalpur",2013,136,42,1,2.38095238095238,33.3333333333333,34.553000207833
"201","Bhagalpur",2014,NA,NA,NA,NA,NA,40.9511439374244
"202","Bhagalpur",2015,184,42,6,14.2857142857143,47.6190476190476,47.6710718986402
"203","Bhagalpur",2016,218,42,2,4.76190476190476,52.3809523809524,54.4763889331586
"204","Bhagalpur",2017,250,42,6,14.2857142857143,66.6666666666667,61.1185252130901
"205","Bhagalpur",2018,280,42,1,2.38095238095238,69.047619047619,67.3719837755829
"206","Bhagalpur",2019,306,42,1,2.38095238095238,71.4285714285714,73.062951085393
"207","Bhagalpur",2020,317,42,1,2.38095238095238,73.8095238095238,78.0841955606832
"208","Bhagalpur",2021,NA,NA,NA,NA,NA,82.3949807763776
"209","Bhagalpur",2022,NA,NA,NA,NA,NA,86.0097658518648
"210","Bhagalpur",2023,NA,NA,NA,NA,NA,88.9815917639544
"211","Bhagalpur",2024,NA,NA,NA,NA,NA,91.3853662849072
"212","Bhagalpur",2025,NA,NA,NA,NA,NA,93.3041949513588
"213","Bhagalpur",2026,NA,NA,NA,NA,NA,94.8198496648033
"214","Bhagalpur",2027,NA,NA,NA,NA,NA,96.0071045006347
"215","Bhagalpur",2028,NA,NA,NA,NA,NA,96.9310558393738
"216","Bhagalpur",2029,NA,NA,NA,NA,NA,97.6464471225573
"217","Bhagalpur",2030,NA,NA,NA,NA,NA,98.1981758429753
"218","Buxar",2000,NA,NA,NA,NA,NA,0.240674169070629
"219","Buxar",2001,NA,NA,NA,NA,NA,0.37038193040991
"220","Buxar",2002,NA,NA,NA,NA,NA,0.569594628796175
"221","Buxar",2003,NA,NA,NA,NA,NA,0.875014324507491
"222","Buxar",2004,NA,NA,NA,NA,NA,1.34199136149243
"223","Buxar",2005,41,27,1,3.7037037037037,3.7037037037037,2.05302275349353
"224","Buxar",2006,NA,NA,NA,NA,NA,3.12883455621457
"225","Buxar",2007,NA,NA,NA,NA,NA,4.7410986611692
"226","Buxar",2008,NA,NA,NA,NA,NA,7.12306107126853
"227","Buxar",2009,NA,NA,NA,NA,NA,10.5689632952628
"228","Buxar",2010,85,27,5,18.5185185185185,22.2222222222222,15.405374082883
"229","Buxar",2011,NA,NA,NA,NA,NA,21.9126739106007
"230","Buxar",2012,118,27,2,7.40740740740741,29.6296296296296,30.1878016600046
"231","Buxar",2013,137,27,2,7.40740740740741,37.037037037037,39.987665206376
"232","Buxar",2014,157,27,2,7.40740740740741,44.4444444444444,50.6602781906229
"233","Buxar",2015,185,27,5,18.5185185185185,62.962962962963,61.2730510745689
"234","Buxar",2016,219,27,3,11.1111111111111,74.0740740740741,70.913695582307
"235","Buxar",2017,251,27,2,7.40740740740741,81.4814814814815,78.9778021058928
"236","Buxar",2018,281,27,1,3.7037037037037,85.1851851851852,85.2705424696565
"237","Buxar",2019,NA,NA,NA,NA,NA,89.9200387579537
"238","Buxar",2020,NA,NA,NA,NA,NA,93.218596488991
"239","Buxar",2021,NA,NA,NA,NA,NA,95.4918537041965
"240","Buxar",2022,NA,NA,NA,NA,NA,97.0273717902578
"241","Buxar",2023,NA,NA,NA,NA,NA,98.0505547944737
"242","Buxar",2024,NA,NA,NA,NA,NA,98.7261802974153
"243","Buxar",2025,NA,NA,NA,NA,NA,99.1696350814816
"244","Buxar",2026,NA,NA,NA,NA,NA,99.4595550789576
"245","Buxar",2027,NA,NA,NA,NA,NA,99.6486088511575
"246","Buxar",2028,NA,NA,NA,NA,NA,99.7716812812655
"247","Buxar",2029,NA,NA,NA,NA,NA,99.8517125503733
"248","Buxar",2030,NA,NA,NA,NA,NA,99.9037179830929
"249","Darbhanga",2000,NA,NA,NA,NA,NA,1.27580484652557e-10
"250","Darbhanga",2001,NA,NA,NA,NA,NA,7.70809065678046e-10
"251","Darbhanga",2002,NA,NA,NA,NA,NA,4.65703369390899e-09
"252","Darbhanga",2003,NA,NA,NA,NA,NA,2.813662136015e-08
"253","Darbhanga",2004,NA,NA,NA,NA,NA,1.69994359642003e-07
"254","Darbhanga",2005,NA,NA,NA,NA,NA,1.02706297723225e-06
"255","Darbhanga",2006,NA,NA,NA,NA,NA,6.20525478516411e-06
"256","Darbhanga",2007,NA,NA,NA,NA,NA,3.74905704419105e-05
"257","Darbhanga",2008,NA,NA,NA,NA,NA,0.000226508129597569
"258","Darbhanga",2009,NA,NA,NA,NA,NA,0.00136848928250393
"259","Darbhanga",2010,NA,NA,NA,NA,NA,0.00826749618771252
"260","Darbhanga",2011,NA,NA,NA,NA,NA,0.0499293120223217
"261","Darbhanga",2012,NA,NA,NA,NA,NA,0.300902827117292
"262","Darbhanga",2013,NA,NA,NA,NA,NA,1.79081091971879
"263","Darbhanga",2014,NA,NA,NA,NA,NA,9.92364004222109
"264","Darbhanga",2015,186,5,2,40,40,39.9620962551665
"265","Darbhanga",2016,220,5,2,40,80,80.0855302272639
"266","Darbhanga",2017,NA,NA,NA,NA,NA,96.0469203026982
"267","Darbhanga",2018,282,5,1,20,100,99.3233858502005
"268","Darbhanga",2019,NA,NA,NA,NA,NA,99.8873742773136
"269","Darbhanga",2020,NA,NA,NA,NA,NA,99.9813412139119
"270","Darbhanga",2021,NA,NA,NA,NA,NA,99.9969112095452
"271","Darbhanga",2022,NA,NA,NA,NA,NA,99.9994887455813
"272","Darbhanga",2023,NA,NA,NA,NA,NA,99.9999153793492
"273","Darbhanga",2024,NA,NA,NA,NA,NA,99.9999859940007
"274","Darbhanga",2025,NA,NA,NA,NA,NA,99.9999976817963
"275","Darbhanga",2026,NA,NA,NA,NA,NA,99.9999996163024
"276","Darbhanga",2027,NA,NA,NA,NA,NA,99.9999999364923
"277","Darbhanga",2028,NA,NA,NA,NA,NA,99.9999999894885
"278","Darbhanga",2029,NA,NA,NA,NA,NA,99.9999999982602
"279","Darbhanga",2030,NA,NA,NA,NA,NA,99.999999999712
"280","EastChamparan",2000,NA,NA,NA,NA,NA,1.75496377931109
"281","EastChamparan",2001,NA,NA,NA,NA,NA,2.29991700580627
"282","EastChamparan",2002,28,41,1,2.4390243902439,2.4390243902439,3.00890708087021
"283","EastChamparan",2003,NA,NA,NA,NA,NA,3.92766953709901
"284","EastChamparan",2004,NA,NA,NA,NA,NA,5.11218712857666
"285","EastChamparan",2005,NA,NA,NA,NA,NA,6.62928488355697
"286","EastChamparan",2006,NA,NA,NA,NA,NA,8.55600230678481
"287","EastChamparan",2007,NA,NA,NA,NA,NA,10.9768636838601
"288","EastChamparan",2008,64,41,2,4.8780487804878,7.31707317073171,13.9779881309667
"289","EastChamparan",2009,NA,NA,NA,NA,NA,17.6370737657837
"290","EastChamparan",2010,86,41,8,19.5121951219512,26.8292682926829,22.008945977139
"291","EastChamparan",2011,112,41,1,2.4390243902439,29.2682926829268,27.1078423785649
"292","EastChamparan",2012,NA,NA,NA,NA,NA,32.8898578394722
"293","EastChamparan",2013,138,41,5,12.1951219512195,41.4634146341463,39.2412239989442
"294","EastChamparan",2014,158,41,1,2.4390243902439,43.9024390243902,45.9787894260963
"295","EastChamparan",2015,187,41,2,4.8780487804878,48.780487804878,52.8666172263307
"296","EastChamparan",2016,221,41,5,12.1951219512195,60.9756097560976,59.6469903200403
"297","EastChamparan",2017,252,41,3,7.31707317073171,68.2926829268293,66.0778376730003
"298","EastChamparan",2018,283,41,1,2.4390243902439,70.7317073170732,71.9655210802316
"299","EastChamparan",2019,NA,NA,NA,NA,NA,77.1841583004975
"300","EastChamparan",2020,NA,NA,NA,NA,NA,81.6786599657744
"301","EastChamparan",2021,NA,NA,NA,NA,NA,85.454636738134
"302","EastChamparan",2022,NA,NA,NA,NA,NA,88.5613802138729
"303","EastChamparan",2023,NA,NA,NA,NA,NA,91.0738673686126
"304","EastChamparan",2024,NA,NA,NA,NA,NA,93.0776244628156
"305","EastChamparan",2025,NA,NA,NA,NA,NA,94.6579579166772
"306","EastChamparan",2026,NA,NA,NA,NA,NA,95.8934290438681
"307","EastChamparan",2027,NA,NA,NA,NA,NA,96.8526692467523
"308","EastChamparan",2028,NA,NA,NA,NA,NA,97.5934668660644
"309","EastChamparan",2029,NA,NA,NA,NA,NA,98.1632072867294
"310","EastChamparan",2030,NA,NA,NA,NA,NA,98.5999981055778
"311","Gaya",2000,13,29,2,6.89655172413793,6.89655172413793,3.24676869594382
"312","Gaya",2001,NA,NA,NA,NA,NA,4.05554668385332
"313","Gaya",2002,NA,NA,NA,NA,NA,5.0552666919767
"314","Gaya",2003,NA,NA,NA,NA,NA,6.28528048545323
"315","Gaya",2004,35,29,1,3.44827586206897,10.3448275862069,7.79001783661156
"316","Gaya",2005,42,29,1,3.44827586206897,13.7931034482759,9.61802700553776
"317","Gaya",2006,NA,NA,NA,NA,NA,11.8200108748797
"318","Gaya",2007,NA,NA,NA,NA,NA,14.4455505017352
"319","Gaya",2008,65,29,1,3.44827586206897,17.2413793103448,17.5382981861659
"320","Gaya",2009,74,29,1,3.44827586206897,20.6896551724138,21.1296608087336
"321","Gaya",2010,87,29,1,3.44827586206897,24.1379310344828,25.231416403141
"322","Gaya",2011,NA,NA,NA,NA,NA,29.8282823424367
"323","Gaya",2012,NA,NA,NA,NA,NA,34.8720357855067
"324","Gaya",2013,139,29,3,10.3448275862069,34.4827586206897,40.2791024942432
"325","Gaya",2014,159,29,2,6.89655172413793,41.3793103448276,45.9332619684727
"326","Gaya",2015,188,29,4,13.7931034482759,55.1724137931034,51.6940988290269
"327","Gaya",2016,222,29,2,6.89655172413793,62.0689655172414,57.4102552678825
"328","Gaya",2017,NA,NA,NA,NA,NA,62.9349929812865
"329","Gaya",2018,284,29,2,6.89655172413793,68.9655172413793,68.1407700163897
"330","Gaya",2019,NA,NA,NA,NA,NA,72.9298847520654
"331","Gaya",2020,NA,NA,NA,NA,NA,77.2395577923563
"332","Gaya",2021,NA,NA,NA,NA,NA,81.041473317122
"333","Gaya",2022,NA,NA,NA,NA,NA,84.3370974463641
"334","Gaya",2023,NA,NA,NA,NA,NA,87.1506652937269
"335","Gaya",2024,NA,NA,NA,NA,NA,89.5216186359104
"336","Gaya",2025,NA,NA,NA,NA,NA,91.4977650854596
"337","Gaya",2026,NA,NA,NA,NA,NA,93.1298258743589
"338","Gaya",2027,NA,NA,NA,NA,NA,94.4675446153216
"339","Gaya",2028,NA,NA,NA,NA,NA,95.5572167665139
"340","Gaya",2029,NA,NA,NA,NA,NA,96.4403543374727
"341","Gaya",2030,NA,NA,NA,NA,NA,97.1531715719203
"342","Gopalganj",2000,14,21,1,4.76190476190476,4.76190476190476,0.295462752258801
"343","Gopalganj",2001,NA,NA,NA,NA,NA,0.425378381270744
"344","Gopalganj",2002,NA,NA,NA,NA,NA,0.612067526439478
"345","Gopalganj",2003,NA,NA,NA,NA,NA,0.879966331136133
"346","Gopalganj",2004,NA,NA,NA,NA,NA,1.26363222932646
"347","Gopalganj",2005,NA,NA,NA,NA,NA,1.811519524643
"348","Gopalganj",2006,NA,NA,NA,NA,NA,2.59072736952718
"349","Gopalganj",2007,NA,NA,NA,NA,NA,3.69249959735547
"350","Gopalganj",2008,NA,NA,NA,NA,NA,5.23763430281532
"351","Gopalganj",2009,NA,NA,NA,NA,NA,7.37978950324248
"352","Gopalganj",2010,NA,NA,NA,NA,NA,10.3028161802807
"353","Gopalganj",2011,NA,NA,NA,NA,NA,14.2060331795154
"354","Gopalganj",2012,119,21,1,4.76190476190476,9.52380952380952,19.2702953986116
"355","Gopalganj",2013,140,21,3,14.2857142857143,23.8095238095238,25.6011802535676
"356","Gopalganj",2014,160,21,3,14.2857142857143,38.0952380952381,33.1576929298768
"357","Gopalganj",2015,189,21,1,4.76190476190476,42.8571428571429,41.6946433318566
"358","Gopalganj",2016,223,21,3,14.2857142857143,57.1428571428571,50.7604126557879
"359","Gopalganj",2017,253,21,1,4.76190476190476,61.9047619047619,59.776447220959
"360","Gopalganj",2018,NA,NA,NA,NA,NA,68.176592176531
"361","Gopalganj",2019,307,21,1,4.76190476190476,66.6666666666667,75.5402982215478
"362","Gopalganj",2020,NA,NA,NA,NA,NA,81.6584973152485
"363","Gopalganj",2021,NA,NA,NA,NA,NA,86.5194302413607
"364","Gopalganj",2022,NA,NA,NA,NA,NA,90.2459822640352
"365","Gopalganj",2023,NA,NA,NA,NA,NA,93.0254153479518
"366","Gopalganj",2024,NA,NA,NA,NA,NA,95.0562286212988
"367","Gopalganj",2025,NA,NA,NA,NA,NA,96.5178575019317
"368","Gopalganj",2026,NA,NA,NA,NA,NA,97.5584543704711
"369","Gopalganj",2027,NA,NA,NA,NA,NA,98.2935791434874
"370","Gopalganj",2028,NA,NA,NA,NA,NA,98.8100649596556
"371","Gopalganj",2029,NA,NA,NA,NA,NA,99.1715425561445
"372","Gopalganj",2030,NA,NA,NA,NA,NA,99.4238510373708
"373","Jehanabad",2000,15,30,1,3.33333333333333,3.33333333333333,1.34765836353398
"374","Jehanabad",2001,NA,NA,NA,NA,NA,1.78265916844765
"375","Jehanabad",2002,29,30,1,3.33333333333333,6.66666666666667,2.35471926293272
"376","Jehanabad",2003,NA,NA,NA,NA,NA,3.10455232924575
"377","Jehanabad",2004,NA,NA,NA,NA,NA,4.08317630405884
"378","Jehanabad",2005,NA,NA,NA,NA,NA,5.35324132669316
"379","Jehanabad",2006,55,30,1,3.33333333333333,10,6.98957004298381
"380","Jehanabad",2007,NA,NA,NA,NA,NA,9.0781015651955
"381","Jehanabad",2008,NA,NA,NA,NA,NA,11.7121164288489
"382","Jehanabad",2009,NA,NA,NA,NA,NA,14.9844373748879
"383","Jehanabad",2010,88,30,4,13.3333333333333,23.3333333333333,18.9745396359742
"384","Jehanabad",2011,113,30,1,3.33333333333333,26.6666666666667,23.7305618336926
"385","Jehanabad",2012,120,30,1,3.33333333333333,30,29.2483694177603
"386","Jehanabad",2013,NA,NA,NA,NA,NA,35.4527897714638
"387","Jehanabad",2014,NA,NA,NA,NA,NA,42.1885463379051
"388","Jehanabad",2015,190,30,2,6.66666666666667,36.6666666666667,49.2280278485981
"389","Jehanabad",2016,224,30,4,13.3333333333333,50,56.2982539797028
"390","Jehanabad",2017,254,30,4,13.3333333333333,63.3333333333333,63.1214896793885
"391","Jehanabad",2018,285,30,4,13.3333333333333,76.6666666666667,69.4573553026929
"392","Jehanabad",2019,308,30,1,3.33333333333333,80,75.1335162241847
"393","Jehanabad",2020,318,30,1,3.33333333333333,83.3333333333333,80.0576707609674
"394","Jehanabad",2021,NA,NA,NA,NA,NA,84.2116307056006
"395","Jehanabad",2022,NA,NA,NA,NA,NA,87.6339785622296
"396","Jehanabad",2023,NA,NA,NA,NA,NA,90.3990621544595
"397","Jehanabad",2024,NA,NA,NA,NA,NA,92.5980863865639
"398","Jehanabad",2025,NA,NA,NA,NA,NA,94.3250589691834
"399","Jehanabad",2026,NA,NA,NA,NA,NA,95.6679543685002
"400","Jehanabad",2027,NA,NA,NA,NA,NA,96.7041758611404
"401","Jehanabad",2028,NA,NA,NA,NA,NA,97.4990138180119
"402","Jehanabad",2029,NA,NA,NA,NA,NA,98.1059190029625
"403","Jehanabad",2030,NA,NA,NA,NA,NA,98.567712240411
"404","Kaimur",2000,NA,NA,NA,NA,NA,0.998641822417367
"405","Kaimur",2001,27,29,1,3.44827586206897,3.44827586206897,1.35042665402148
"406","Kaimur",2002,NA,NA,NA,NA,NA,1.82384943148624
"407","Kaimur",2003,NA,NA,NA,NA,NA,2.45910410737699
"408","Kaimur",2004,NA,NA,NA,NA,NA,3.30816505358523
"409","Kaimur",2005,43,29,2,6.89655172413793,10.3448275862069,4.43704790297281
"410","Kaimur",2006,NA,NA,NA,NA,NA,5.92753692194106
"411","Kaimur",2007,NA,NA,NA,NA,NA,7.87743731441469
"412","Kaimur",2008,NA,NA,NA,NA,NA,10.3978718894624
"413","Kaimur",2009,NA,NA,NA,NA,NA,13.6056331384035
"414","Kaimur",2010,89,29,4,13.7931034482759,24.1379310344828,17.6085190636256
"415","Kaimur",2011,NA,NA,NA,NA,NA,22.4826152164067
"416","Kaimur",2012,NA,NA,NA,NA,NA,28.2433899024506
"417","Kaimur",2013,141,29,1,3.44827586206897,27.5862068965517,34.8172663805224
"418","Kaimur",2014,161,29,2,6.89655172413793,34.4827586206897,42.0251306061115
"419","Kaimur",2015,191,29,5,17.2413793103448,51.7241379310345,49.589946731472
"420","Kaimur",2016,225,29,3,10.3448275862069,62.0689655172414,57.1735835397354
"421","Kaimur",2017,255,29,1,3.44827586206897,65.5172413793103,64.4345699850876
"422","Kaimur",2018,286,29,2,6.89655172413793,72.4137931034483,71.0870488701564
"423","Kaimur",2019,NA,NA,NA,NA,NA,76.9405056187905
"424","Kaimur",2020,NA,NA,NA,NA,NA,81.9104806925046
"425","Kaimur",2021,NA,NA,NA,NA,NA,86.004136473126
"426","Kaimur",2022,NA,NA,NA,NA,NA,89.2924985419052
"427","Kaimur",2023,NA,NA,NA,NA,NA,91.8811864330083
"428","Kaimur",2024,NA,NA,NA,NA,NA,93.8868698532278
"429","Kaimur",2025,NA,NA,NA,NA,NA,95.4217554091839
"430","Kaimur",2026,NA,NA,NA,NA,NA,96.5852781648539
"431","Kaimur",2027,NA,NA,NA,NA,NA,97.4609694226823
"432","Kaimur",2028,NA,NA,NA,NA,NA,98.1164726181698
"433","Kaimur",2029,NA,NA,NA,NA,NA,98.605166118382
"434","Kaimur",2030,NA,NA,NA,NA,NA,98.9683980199053
"435","Katihar",2000,NA,NA,NA,NA,NA,0.192973525110186
"436","Katihar",2001,NA,NA,NA,NA,NA,0.292611679276813
"437","Katihar",2002,NA,NA,NA,NA,NA,0.443467482296492
"438","Katihar",2003,NA,NA,NA,NA,NA,0.671573078546195
"439","Katihar",2004,NA,NA,NA,NA,NA,1.01581178909835
"440","Katihar",2005,44,20,2,10,10,1.53377763977232
"441","Katihar",2006,NA,NA,NA,NA,NA,2.30969322966806
"442","Katihar",2007,NA,NA,NA,NA,NA,3.46432299851683
"443","Katihar",2008,NA,NA,NA,NA,NA,5.16563790288632
"444","Katihar",2009,NA,NA,NA,NA,NA,7.63636943580233
"445","Katihar",2010,90,20,2,10,20,11.1499133723413
"446","Katihar",2011,NA,NA,NA,NA,NA,16.0000199132789
"447","Katihar",2012,NA,NA,NA,NA,NA,22.4273383695255
"448","Katihar",2013,142,20,1,5,25,30.4991072977296
"449","Katihar",2014,162,20,2,10,35,39.9787650313194
"450","Katihar",2015,192,20,3,15,50,50.2735530012581
"451","Katihar",2016,226,20,3,15,65,60.5451989164319
"452","Katihar",2017,256,20,1,5,70,69.9627912283743
"453","Katihar",2018,287,20,2,10,80,77.9510974972075
"454","Katihar",2019,NA,NA,NA,NA,NA,84.2919235857294
"455","Katihar",2020,NA,NA,NA,NA,NA,89.0650533062285
"456","Katihar",2021,NA,NA,NA,NA,NA,92.5165626953192
"457","Katihar",2022,NA,NA,NA,NA,NA,94.9405238068951
"458","Katihar",2023,NA,NA,NA,NA,NA,96.608124659302
"459","Katihar",2024,NA,NA,NA,NA,NA,97.7391737261592
"460","Katihar",2025,NA,NA,NA,NA,NA,98.4989252563471
"461","Katihar",2026,NA,NA,NA,NA,NA,99.0059586356766
"462","Katihar",2027,NA,NA,NA,NA,NA,99.3428687537055
"463","Katihar",2028,NA,NA,NA,NA,NA,99.5660904853432
"464","Katihar",2029,NA,NA,NA,NA,NA,99.7137042728223
"465","Katihar",2030,NA,NA,NA,NA,NA,99.8111958340694
"466","Khagaria",2000,16,43,1,2.32558139534884,4.65116279069767,0.32764997497438
"467","Khagaria",2001,NA,NA,NA,NA,NA,0.472654444492381
"468","Khagaria",2002,NA,NA,NA,NA,NA,0.681393249549365
"469","Khagaria",2003,NA,NA,NA,NA,NA,0.9814085468602
"470","Khagaria",2004,NA,NA,NA,NA,NA,1.41164211969692
"471","Khagaria",2005,45,43,2,4.65116279069767,9.30232558139535,2.02662285988116
"472","Khagaria",2006,NA,NA,NA,NA,NA,2.90163420913524
"473","Khagaria",2007,NA,NA,NA,NA,NA,4.13848069344971
"474","Khagaria",2008,66,43,1,2.32558139534884,11.6279069767442,5.87066755645779
"475","Khagaria",2009,NA,NA,NA,NA,NA,8.26535964223117
"476","Khagaria",2010,91,43,2,4.65116279069767,16.2790697674419,11.5173460669822
"477","Khagaria",2011,NA,NA,NA,NA,NA,15.8280541320165
"478","Khagaria",2012,121,43,2,4.65116279069767,20.9302325581395,21.3626417907921
"479","Khagaria",2013,NA,NA,NA,NA,NA,28.1844897673692
"480","Khagaria",2014,163,43,2,4.65116279069767,25.5813953488372,36.1824482375606
"481","Khagaria",2015,193,43,8,18.6046511627907,44.1860465116279,45.0270068047016
"482","Khagaria",2016,227,43,5,11.6279069767442,55.8139534883721,54.1974717933208
"483","Khagaria",2017,257,43,5,11.6279069767442,67.4418604651163,63.092089969398
"484","Khagaria",2018,288,43,2,4.65116279069767,72.093023255814,71.1779847534798
"485","Khagaria",2019,309,43,3,6.97674418604651,79.0697674418605,78.1071003002407
"486","Khagaria",2020,NA,NA,NA,NA,NA,83.750678767135
"487","Khagaria",2021,NA,NA,NA,NA,NA,88.1599787427685
"488","Khagaria",2022,NA,NA,NA,NA,NA,91.4943161317894
"489","Khagaria",2023,NA,NA,NA,NA,NA,93.9540474797025
"490","Khagaria",2024,NA,NA,NA,NA,NA,95.7356104945839
"491","Khagaria",2025,NA,NA,NA,NA,NA,97.008912570374
"492","Khagaria",2026,NA,NA,NA,NA,NA,97.9103187203947
"493","Khagaria",2027,NA,NA,NA,NA,NA,98.5441502598871
"494","Khagaria",2028,NA,NA,NA,NA,NA,98.9877188796129
"495","Khagaria",2029,NA,NA,NA,NA,NA,99.2971048872406
"496","Khagaria",2030,NA,NA,NA,NA,NA,99.5123982600046
"497","Kishanganj",2000,NA,NA,NA,NA,NA,NA
"498","Kishanganj",2001,NA,NA,NA,NA,NA,NA
"499","Kishanganj",2002,NA,NA,NA,NA,NA,NA
"500","Kishanganj",2003,NA,NA,NA,NA,NA,NA
"501","Kishanganj",2004,NA,NA,NA,NA,NA,NA
"502","Kishanganj",2005,NA,NA,NA,NA,NA,NA
"503","Kishanganj",2006,NA,NA,NA,NA,NA,NA
"504","Kishanganj",2007,NA,NA,NA,NA,NA,NA
"505","Kishanganj",2008,NA,NA,NA,NA,NA,NA
"506","Kishanganj",2009,NA,NA,NA,NA,NA,NA
"507","Kishanganj",2010,92,1,1,100,100,NA
"508","Kishanganj",2011,NA,NA,NA,NA,NA,NA
"509","Kishanganj",2012,NA,NA,NA,NA,NA,NA
"510","Kishanganj",2013,NA,NA,NA,NA,NA,NA
"511","Kishanganj",2014,NA,NA,NA,NA,NA,NA
"512","Kishanganj",2015,NA,NA,NA,NA,NA,NA
"513","Kishanganj",2016,NA,NA,NA,NA,NA,NA
"514","Kishanganj",2017,NA,NA,NA,NA,NA,NA
"515","Kishanganj",2018,NA,NA,NA,NA,NA,NA
"516","Kishanganj",2019,NA,NA,NA,NA,NA,NA
"517","Kishanganj",2020,NA,NA,NA,NA,NA,NA
"518","Kishanganj",2021,NA,NA,NA,NA,NA,NA
"519","Kishanganj",2022,NA,NA,NA,NA,NA,NA
"520","Kishanganj",2023,NA,NA,NA,NA,NA,NA
"521","Kishanganj",2024,NA,NA,NA,NA,NA,NA
"522","Kishanganj",2025,NA,NA,NA,NA,NA,NA
"523","Kishanganj",2026,NA,NA,NA,NA,NA,NA
"524","Kishanganj",2027,NA,NA,NA,NA,NA,NA
"525","Kishanganj",2028,NA,NA,NA,NA,NA,NA
"526","Kishanganj",2029,NA,NA,NA,NA,NA,NA
"527","Kishanganj",2030,NA,NA,NA,NA,NA,NA
"528","Lakhisarai",2000,17,46,2,4.34782608695652,4.34782608695652,0.896533658241616
"529","Lakhisarai",2001,NA,NA,NA,NA,NA,1.24018708240994
"530","Lakhisarai",2002,NA,NA,NA,NA,NA,1.71329020964975
"531","Lakhisarai",2003,NA,NA,NA,NA,NA,2.36255396917086
"532","Lakhisarai",2004,NA,NA,NA,NA,NA,3.24972583464299
"533","Lakhisarai",2005,46,46,3,6.52173913043478,10.8695652173913,4.45484285517841
"534","Lakhisarai",2006,NA,NA,NA,NA,NA,6.07878263440768
"535","Lakhisarai",2007,NA,NA,NA,NA,NA,8.24362695582288
"536","Lakhisarai",2008,NA,NA,NA,NA,NA,11.0884187270621
"537","Lakhisarai",2009,75,46,1,2.17391304347826,13.0434782608696,14.7570325306873
"538","Lakhisarai",2010,93,46,7,15.2173913043478,28.2608695652174,19.3749166392678
"539","Lakhisarai",2011,NA,NA,NA,NA,NA,25.0138228881272
"540","Lakhisarai",2012,122,46,1,2.17391304347826,30.4347826086957,31.6496439974116
"541","Lakhisarai",2013,143,46,1,2.17391304347826,32.6086956521739,39.1272958684626
"542","Lakhisarai",2014,164,46,3,6.52173913043478,39.1304347826087,47.1528531348547
"543","Lakhisarai",2015,194,46,9,19.5652173913043,58.695652173913,55.3283441457726
"544","Lakhisarai",2016,228,46,3,6.52173913043478,65.2173913043478,63.2254634553379
"545","Lakhisarai",2017,258,46,4,8.69565217391304,73.9130434782609,70.4715898384228
"546","Lakhisarai",2018,289,46,2,4.34782608695652,78.2608695652174,76.8135343860074
"547","Lakhisarai",2019,310,46,2,4.34782608695652,82.6086956521739,82.1386198341988
"548","Lakhisarai",2020,NA,NA,NA,NA,NA,86.4563608829583
"549","Lakhisarai",2021,NA,NA,NA,NA,NA,89.8592092135579
"550","Lakhisarai",2022,NA,NA,NA,NA,NA,92.4814407544077
"551","Lakhisarai",2023,NA,NA,NA,NA,NA,94.4673574187213
"552","Lakhisarai",2024,NA,NA,NA,NA,NA,95.9516853132798
"553","Lakhisarai",2025,NA,NA,NA,NA,NA,97.0502241978278
"554","Lakhisarai",2026,NA,NA,NA,NA,NA,97.8573234944756
"555","Lakhisarai",2027,NA,NA,NA,NA,NA,98.447122807938
"556","Lakhisarai",2028,NA,NA,NA,NA,NA,98.876436306176
"557","Lakhisarai",2029,NA,NA,NA,NA,NA,99.1880393057794
"558","Lakhisarai",2030,NA,NA,NA,NA,NA,99.4137364324544
"559","Madhepura",2000,18,34,1,2.94117647058824,2.94117647058824,0.0741170471407152
"560","Madhepura",2001,NA,NA,NA,NA,NA,0.113976094259013
"561","Madhepura",2002,NA,NA,NA,NA,NA,0.175233154760357
"562","Madhepura",2003,NA,NA,NA,NA,NA,0.269324378880347
"563","Madhepura",2004,NA,NA,NA,NA,NA,0.413728377101397
"564","Madhepura",2005,NA,NA,NA,NA,NA,0.635064624170594
"565","Madhepura",2006,NA,NA,NA,NA,NA,0.973653554448864
"566","Madhepura",2007,NA,NA,NA,NA,NA,1.49005637063646
"567","Madhepura",2008,NA,NA,NA,NA,NA,2.27405742073327
"568","Madhepura",2009,NA,NA,NA,NA,NA,3.45609253089865
"569","Madhepura",2010,94,34,2,5.88235294117647,8.8235294117647,5.21972228094203
"570","Madhepura",2011,NA,NA,NA,NA,NA,7.81051613429863
"571","Madhepura",2012,123,34,2,5.88235294117647,14.7058823529412,11.5307986273762
"572","Madhepura",2013,144,34,1,2.94117647058824,17.6470588235294,16.7020738769729
"573","Madhepura",2014,165,34,2,5.88235294117647,23.5294117647059,23.5745390102959
"574","Madhepura",2015,195,34,3,8.82352941176471,32.3529411764706,32.1823025362555
"575","Madhepura",2016,229,34,2,5.88235294117647,38.2352941176471,42.1976630798458
"576","Madhepura",2017,259,34,3,8.82352941176471,47.0588235294118,52.8986901515779
"577","Madhepura",2018,290,34,7,20.5882352941176,67.6470588235294,63.3397468811625
"578","Madhepura",2019,311,34,3,8.82352941176471,76.4705882352941,72.6624201837458
"579","Madhepura",2020,NA,NA,NA,NA,NA,80.3498327321569
"580","Madhepura",2021,NA,NA,NA,NA,NA,86.2835874859105
"581","Madhepura",2022,NA,NA,NA,NA,NA,90.63438295373
"582","Madhepura",2023,NA,NA,NA,NA,NA,93.7057943372611
"583","Madhepura",2024,NA,NA,NA,NA,NA,95.8164438654233
"584","Madhepura",2025,NA,NA,NA,NA,NA,97.2401700004792
"585","Madhepura",2026,NA,NA,NA,NA,NA,98.1885410443459
"586","Madhepura",2027,NA,NA,NA,NA,NA,98.8149911422807
"587","Madhepura",2028,NA,NA,NA,NA,NA,99.2265049752073
"588","Madhepura",2029,NA,NA,NA,NA,NA,99.4958429608352
"589","Madhepura",2030,NA,NA,NA,NA,NA,99.671705310478
"590","Madhubani",2000,NA,NA,NA,NA,NA,2.55025694776745
"591","Madhubani",2001,NA,NA,NA,NA,NA,3.04523707569822
"592","Madhubani",2002,NA,NA,NA,NA,NA,3.63270673923367
"593","Madhubani",2003,NA,NA,NA,NA,NA,4.32844811830195
"594","Madhubani",2004,NA,NA,NA,NA,NA,5.15031744724783
"595","Madhubani",2005,47,18,1,5.55555555555556,5.55555555555556,6.11826048772167
"596","Madhubani",2006,NA,NA,NA,NA,NA,7.25420435191375
"597","Madhubani",2007,NA,NA,NA,NA,NA,8.5817738062641
"598","Madhubani",2008,NA,NA,NA,NA,NA,10.1257724328477
"599","Madhubani",2009,76,18,1,5.55555555555556,11.1111111111111,11.911366406817
"600","Madhubani",2010,95,18,1,5.55555555555556,16.6666666666667,13.9629156423646
"601","Madhubani",2011,NA,NA,NA,NA,NA,16.3024191213013
"602","Madhubani",2012,NA,NA,NA,NA,NA,18.9475836860353
"603","Madhubani",2013,NA,NA,NA,NA,NA,21.9095915270039
"604","Madhubani",2014,NA,NA,NA,NA,NA,25.1907286532346
"605","Madhubani",2015,196,18,2,11.1111111111111,27.7777777777778,28.7821335004632
"606","Madhubani",2016,NA,NA,NA,NA,NA,32.6620092034147
"607","Madhubani",2017,260,18,1,5.55555555555556,33.3333333333333,36.7946835316937
"608","Madhubani",2018,291,18,2,11.1111111111111,44.4444444444444,41.1308645612623
"609","Madhubani",2019,NA,NA,NA,NA,NA,45.6093080426771
"610","Madhubani",2020,NA,NA,NA,NA,NA,50.1598920208139
"611","Madhubani",2021,NA,NA,NA,NA,NA,54.7078287013712
"612","Madhubani",2022,NA,NA,NA,NA,NA,59.178503458823
"613","Madhubani",2023,NA,NA,NA,NA,NA,63.5022902173842
"614","Madhubani",2024,NA,NA,NA,NA,NA,67.6186978343415
"615","Madhubani",2025,NA,NA,NA,NA,NA,71.4793517457526
"616","Madhubani",2026,NA,NA,NA,NA,NA,75.0495595660617
"617","Madhubani",2027,NA,NA,NA,NA,NA,78.3084738125344
"618","Madhubani",2028,NA,NA,NA,NA,NA,81.2480801405418
"619","Madhubani",2029,NA,NA,NA,NA,NA,83.8713647090469
"620","Madhubani",2030,NA,NA,NA,NA,NA,86.1900439853181
"621","Munger",2000,19,49,1,2.04081632653061,4.08163265306122,0.385290138978355
"622","Munger",2001,NA,NA,NA,NA,NA,0.562736296070002
"623","Munger",2002,NA,NA,NA,NA,NA,0.821231908964956
"624","Munger",2003,NA,NA,NA,NA,NA,1.19703929705929
"625","Munger",2004,NA,NA,NA,NA,NA,1.74180122220514
"626","Munger",2005,48,49,2,4.08163265306122,8.16326530612245,2.52813585245538
"627","Munger",2006,NA,NA,NA,NA,NA,3.65625114967139
"628","Munger",2007,NA,NA,NA,NA,NA,5.26059048983079
"629","Munger",2008,67,49,1,2.04081632653061,10.2040816326531,7.51399953821532
"630","Munger",2009,NA,NA,NA,NA,NA,10.6244232974648
"631","Munger",2010,96,49,5,10.2040816326531,20.4081632653061,14.8161427370089
"632","Munger",2011,NA,NA,NA,NA,NA,20.2862746408426
"633","Munger",2012,124,49,3,6.12244897959184,26.530612244898,27.1327092244301
"634","Munger",2013,145,49,3,6.12244897959184,32.6530612244898,35.2674782449743
"635","Munger",2014,166,49,3,6.12244897959184,38.7755102040816,44.3565223641255
"636","Munger",2015,197,49,5,10.2040816326531,48.9795918367347,53.8397319856281
"637","Munger",2016,230,49,9,18.3673469387755,67.3469387755102,63.0529644161592
"638","Munger",2017,261,49,5,10.2040816326531,77.5510204081633,71.4040000486605
"639","Munger",2018,NA,NA,NA,NA,NA,78.5107783358038
"640","Munger",2019,NA,NA,NA,NA,NA,84.2411553551617
"641","Munger",2020,NA,NA,NA,NA,NA,88.6640879569503
"642","Munger",2021,NA,NA,NA,NA,NA,91.964080012926
"643","Munger",2022,NA,NA,NA,NA,NA,94.364472828207
"644","Munger",2023,NA,NA,NA,NA,NA,96.0784246818266
"645","Munger",2024,NA,NA,NA,NA,NA,97.286098198132
"646","Munger",2025,NA,NA,NA,NA,NA,98.1291032079069
"647","Munger",2026,NA,NA,NA,NA,NA,98.7137122266297
"648","Munger",2027,NA,NA,NA,NA,NA,99.1172886164887
"649","Munger",2028,NA,NA,NA,NA,NA,99.3950178141319
"650","Munger",2029,NA,NA,NA,NA,NA,99.5857297581796
"651","Munger",2030,NA,NA,NA,NA,NA,99.7164939802497
"652","Muzaffarpur",2000,20,51,2,3.92156862745098,3.92156862745098,0.213364043816227
"653","Muzaffarpur",2001,NA,NA,NA,NA,NA,0.316720920709713
"654","Muzaffarpur",2002,NA,NA,NA,NA,NA,0.46990970786616
"655","Muzaffarpur",2003,30,51,1,1.96078431372549,5.88235294117647,0.696673672710663
"656","Muzaffarpur",2004,NA,NA,NA,NA,NA,1.03173260066208
"657","Muzaffarpur",2005,49,51,2,3.92156862745098,9.80392156862745,1.52545967626112
"658","Muzaffarpur",2006,NA,NA,NA,NA,NA,2.25008407502022
"659","Muzaffarpur",2007,NA,NA,NA,NA,NA,3.30735915532614
"660","Muzaffarpur",2008,NA,NA,NA,NA,NA,4.83684693136095
"661","Muzaffarpur",2009,NA,NA,NA,NA,NA,7.02227780788705
"662","Muzaffarpur",2010,97,51,3,5.88235294117647,15.6862745098039,10.0904495187846
"663","Muzaffarpur",2011,NA,NA,NA,NA,NA,14.293089453118
"664","Muzaffarpur",2012,125,51,1,1.96078431372549,17.6470588235294,19.8594850622068
"665","Muzaffarpur",2013,NA,NA,NA,NA,NA,26.9129756679031
"666","Muzaffarpur",2014,167,51,4,7.84313725490196,25.4901960784314,35.366111228944
"667","Muzaffarpur",2015,198,51,11,21.5686274509804,47.0588235294118,44.8451974036326
"668","Muzaffarpur",2016,231,51,6,11.7647058823529,58.8235294117647,54.7142102524982
"669","Muzaffarpur",2017,262,51,4,7.84313725490196,66.6666666666667,64.2260211800692
"670","Muzaffarpur",2018,292,51,4,7.84313725490196,74.5098039215686,72.7355212435765
"671","Muzaffarpur",2019,312,51,1,1.96078431372549,76.4705882352941,79.8557444250714
"672","Muzaffarpur",2020,NA,NA,NA,NA,NA,85.4875039810623
"673","Muzaffarpur",2021,NA,NA,NA,NA,NA,89.7469390656334
"674","Muzaffarpur",2022,NA,NA,NA,NA,NA,92.8606293088117
"675","Muzaffarpur",2023,NA,NA,NA,NA,NA,95.0805730445108
"676","Muzaffarpur",2024,NA,NA,NA,NA,NA,96.6352506355535
"677","Muzaffarpur",2025,NA,NA,NA,NA,NA,97.7104374312068
"678","Muzaffarpur",2026,NA,NA,NA,NA,NA,98.4475736972182
"679","Muzaffarpur",2027,NA,NA,NA,NA,NA,98.9499356655891
"680","Muzaffarpur",2028,NA,NA,NA,NA,NA,99.2909052363855
"681","Muzaffarpur",2029,NA,NA,NA,NA,NA,99.5216927335453
"682","Muzaffarpur",2030,NA,NA,NA,NA,NA,99.677610225713
"683","Nalanda",2000,21,42,3,7.14285714285714,7.14285714285714,1.97742910751684
"684","Nalanda",2001,NA,NA,NA,NA,NA,2.58487693408699
"685","Nalanda",2002,NA,NA,NA,NA,NA,3.37250695234723
"686","Nalanda",2003,31,42,1,2.38095238095238,9.52380952380952,4.38931959822693
"687","Nalanda",2004,NA,NA,NA,NA,NA,5.69463446169317
"688","Nalanda",2005,50,42,1,2.38095238095238,11.9047619047619,7.35825493164692
"689","Nalanda",2006,56,42,1,2.38095238095238,14.2857142857143,9.45913445643919
"690","Nalanda",2007,NA,NA,NA,NA,NA,12.0816179442846
"691","Nalanda",2008,68,42,1,2.38095238095238,16.6666666666667,15.3082388144467
"692","Nalanda",2009,NA,NA,NA,NA,NA,19.208319114329
"693","Nalanda",2010,98,42,4,9.52380952380952,26.1904761904762,23.8225314419876
"694","Nalanda",2011,NA,NA,NA,NA,NA,29.1453075916171
"695","Nalanda",2012,126,42,1,2.38095238095238,28.5714285714286,35.1092458774775
"696","Nalanda",2013,146,42,3,7.14285714285714,35.7142857142857,41.5774495933184
"697","Nalanda",2014,168,42,3,7.14285714285714,42.8571428571429,48.3494154948011
"698","Nalanda",2015,199,42,5,11.9047619047619,54.7619047619048,55.1825510596336
"699","Nalanda",2016,232,42,5,11.9047619047619,66.6666666666667,61.8254464952259
"700","Nalanda",2017,263,42,2,4.76190476190476,71.4285714285714,68.0537386736906
"701","Nalanda",2018,293,42,2,4.76190476190476,76.1904761904762,73.6981639898826
"702","Nalanda",2019,313,42,2,4.76190476190476,80.9523809523809,78.6580569277792
"703","Nalanda",2020,NA,NA,NA,NA,NA,82.8996569538354
"704","Nalanda",2021,NA,NA,NA,NA,NA,86.4435485759504
"705","Nalanda",2022,NA,NA,NA,NA,NA,89.347376309217
"706","Nalanda",2023,NA,NA,NA,NA,NA,91.6889985668596
"707","Nalanda",2024,NA,NA,NA,NA,NA,93.5530344063107
"708","Nalanda",2025,NA,NA,NA,NA,NA,95.0216939895773
"709","Nalanda",2026,NA,NA,NA,NA,NA,96.1694825459183
"710","Nalanda",2027,NA,NA,NA,NA,NA,97.0608246982709
"711","Nalanda",2028,NA,NA,NA,NA,NA,97.7496094800031
"712","Nalanda",2029,NA,NA,NA,NA,NA,98.2798407744473
"713","Nalanda",2030,NA,NA,NA,NA,NA,98.6868186688396
"714","Nawada",2000,22,27,2,7.40740740740741,7.40740740740741,1.14754734318636
"715","Nawada",2001,NA,NA,NA,NA,NA,1.55973566525314
"716","Nawada",2002,NA,NA,NA,NA,NA,2.11680779025212
"717","Nawada",2003,NA,NA,NA,NA,NA,2.86704795953078
"718","Nawada",2004,NA,NA,NA,NA,NA,3.87266852081548
"719","Nawada",2005,NA,NA,NA,NA,NA,5.21208487304556
"720","Nawada",2006,NA,NA,NA,NA,NA,6.98111371986953
"721","Nawada",2007,58,27,1,3.7037037037037,11.1111111111111,9.29170960021905
"722","Nawada",2008,69,27,1,3.7037037037037,14.8148148148148,12.266215217177
"723","Nawada",2009,NA,NA,NA,NA,NA,16.0247136551888
"724","Nawada",2010,99,27,2,7.40740740740741,22.2222222222222,20.6636134809374
"725","Nawada",2011,NA,NA,NA,NA,NA,26.2260087840537
"726","Nawada",2012,NA,NA,NA,NA,NA,32.6691628608092
"727","Nawada",2013,NA,NA,NA,NA,NA,39.8404171470886
"728","Nawada",2014,NA,NA,NA,NA,NA,47.4758737624584
"729","Nawada",2015,200,27,6,22.2222222222222,44.4444444444444,55.2312098721652
"730","Nawada",2016,233,27,5,18.5185185185185,62.962962962963,62.7401401835256
"731","Nawada",2017,264,27,2,7.40740740740741,70.3703703703704,69.680992002008
"732","Nawada",2018,294,27,4,14.8148148148148,85.1851851851852,75.8270457652799
"733","Nawada",2019,NA,NA,NA,NA,NA,81.0657562706643
"734","Nawada",2020,NA,NA,NA,NA,NA,85.3879243451009
"735","Nawada",2021,NA,NA,NA,NA,NA,88.8590539408189
"736","Nawada",2022,NA,NA,NA,NA,NA,91.5868534148258
"737","Nawada",2023,NA,NA,NA,NA,NA,93.6941624063093
"738","Nawada",2024,NA,NA,NA,NA,NA,95.3007196053235
"739","Nawada",2025,NA,NA,NA,NA,NA,96.5132016419991
"740","Nawada",2026,NA,NA,NA,NA,NA,97.4213107521243
"741","Nawada",2027,NA,NA,NA,NA,NA,98.0975719960428
"742","Nawada",2028,NA,NA,NA,NA,NA,98.5990341040203
"743","Nawada",2029,NA,NA,NA,NA,NA,98.9697037856146
"744","Nawada",2030,NA,NA,NA,NA,NA,99.2430540232503
"745","Patna",2000,NA,NA,NA,NA,NA,1.21425923876324
"746","Patna",2001,NA,NA,NA,NA,NA,1.64758070457142
"747","Patna",2002,NA,NA,NA,NA,NA,2.23204363895413
"748","Patna",2003,NA,NA,NA,NA,NA,3.01747799627208
"749","Patna",2004,36,12,1,8.33333333333333,8.33333333333333,4.06779950248512
"750","Patna",2005,NA,NA,NA,NA,NA,5.46312180376085
"751","Patna",2006,NA,NA,NA,NA,NA,7.30063879947675
"752","Patna",2007,NA,NA,NA,NA,NA,9.69283507754549
"753","Patna",2008,70,12,1,8.33333333333333,16.6666666666667,12.7609763962422
"754","Patna",2009,NA,NA,NA,NA,NA,16.6215468192414
"755","Patna",2010,100,12,1,8.33333333333333,25,21.3640364473957
"756","Patna",2011,NA,NA,NA,NA,NA,27.021139957385
"757","Patna",2012,NA,NA,NA,NA,NA,33.5373497999012
"758","Patna",2013,147,12,1,8.33333333333333,33.3333333333333,40.7475717475938
"759","Patna",2014,169,12,1,8.33333333333333,41.6666666666667,48.3795520659145
"760","Patna",2015,201,12,2,16.6666666666667,58.3333333333333,56.0878770544763
"761","Patna",2016,234,12,1,8.33333333333333,66.6666666666667,63.5132450501374
"762","Patna",2017,265,12,1,8.33333333333333,75,70.3468373155899
"763","Patna",2018,NA,NA,NA,NA,NA,76.3766055377861
"764","Patna",2019,NA,NA,NA,NA,NA,81.5026614411264
"765","Patna",2020,NA,NA,NA,NA,NA,85.7243142198271
"766","Patna",2021,NA,NA,NA,NA,NA,89.1111835207039
"767","Patna",2022,NA,NA,NA,NA,NA,91.7716542434706
"768","Patna",2023,NA,NA,NA,NA,NA,93.8271196040385
"769","Patna",2024,NA,NA,NA,NA,NA,95.3948891191488
"770","Patna",2025,NA,NA,NA,NA,NA,96.5789990878339
"771","Patna",2026,NA,NA,NA,NA,NA,97.4667248189698
"772","Patna",2027,NA,NA,NA,NA,NA,98.1285556895244
"773","Patna",2028,NA,NA,NA,NA,NA,98.6199281764106
"774","Patna",2029,NA,NA,NA,NA,NA,98.9836206135196
"775","Patna",2030,NA,NA,NA,NA,NA,99.2521953855917
"776","Rohtas",2000,23,46,2,4.34782608695652,4.34782608695652,2.33409679105001
"777","Rohtas",2001,NA,NA,NA,NA,NA,3.04843682155817
"778","Rohtas",2002,NA,NA,NA,NA,NA,3.97250519893195
"779","Rohtas",2003,32,46,1,2.17391304347826,6.52173913043478,5.16177178442031
"780","Rohtas",2004,NA,NA,NA,NA,NA,6.68229880369977
"781","Rohtas",2005,51,46,2,4.34782608695652,10.8695652173913,8.61007026053661
"782","Rohtas",2006,57,46,1,2.17391304347826,13.0434782608696,11.0282584611002
"783","Rohtas",2007,59,46,1,2.17391304347826,15.2173913043478,14.0214090681163
"784","Rohtas",2008,NA,NA,NA,NA,NA,17.6656254920051
"785","Rohtas",2009,NA,NA,NA,NA,NA,22.0144745350803
"786","Rohtas",2010,101,46,6,13.0434782608696,28.2608695652174,27.0817648138365
"787","Rohtas",2011,NA,NA,NA,NA,NA,32.8245047559513
"788","Rohtas",2012,127,46,3,6.52173913043478,34.7826086956522,39.1314945916968
"789","Rohtas",2013,148,46,2,4.34782608695652,39.1304347826087,45.8236701718993
"790","Rohtas",2014,170,46,7,15.2173913043478,54.3478260869565,52.6699981781416
"791","Rohtas",2015,202,46,4,8.69565217391304,63.0434782608696,59.4173721242366
"792","Rohtas",2016,235,46,2,4.34782608695652,67.3913043478261,65.8269383724134
"793","Rohtas",2017,266,46,1,2.17391304347826,69.5652173913043,71.706238777988
"794","Rohtas",2018,295,46,5,10.8695652173913,80.4347826086957,76.9285538614233
"795","Rohtas",2019,NA,NA,NA,NA,NA,81.436500193187
"796","Rohtas",2020,NA,NA,NA,NA,NA,85.2327170147339
"797","Rohtas",2021,NA,NA,NA,NA,NA,88.3635400627989
"798","Rohtas",2022,NA,NA,NA,NA,NA,90.9014518139959
"799","Rohtas",2023,NA,NA,NA,NA,NA,92.9301314483123
"800","Rohtas",2024,NA,NA,NA,NA,NA,94.5336822842372
"801","Rohtas",2025,NA,NA,NA,NA,NA,95.790001108424
"802","Rohtas",2026,NA,NA,NA,NA,NA,96.7674546342583
"803","Rohtas",2027,NA,NA,NA,NA,NA,97.5238349494378
"804","Rohtas",2028,NA,NA,NA,NA,NA,98.1066933311357
"805","Rohtas",2029,NA,NA,NA,NA,NA,98.5543878194859
"806","Rohtas",2030,NA,NA,NA,NA,NA,98.8974094706732
"807","Saharsa",2000,NA,NA,NA,NA,NA,0.0873609157494638
"808","Saharsa",2001,NA,NA,NA,NA,NA,0.131284779309034
"809","Saharsa",2002,NA,NA,NA,NA,NA,0.197249356416105
"810","Saharsa",2003,NA,NA,NA,NA,NA,0.296259784549686
"811","Saharsa",2004,NA,NA,NA,NA,NA,0.444747584846708
"812","Saharsa",2005,NA,NA,NA,NA,NA,0.667160673419589
"813","Saharsa",2006,NA,NA,NA,NA,NA,0.999683081081908
"814","Saharsa",2007,NA,NA,NA,NA,NA,1.4954443008569
"815","Saharsa",2008,71,33,1,3.03030303030303,3.03030303030303,2.2315208718831
"816","Saharsa",2009,NA,NA,NA,NA,NA,3.31770090671948
"817","Saharsa",2010,102,33,2,6.06060606060606,9.09090909090909,4.9060429948813
"818","Saharsa",2011,NA,NA,NA,NA,NA,7.19818599519551
"819","Saharsa",2012,128,33,1,3.03030303030303,12.1212121212121,10.4436250884726
"820","Saharsa",2013,NA,NA,NA,NA,NA,14.917123918398
"821","Saharsa",2014,171,33,1,3.03030303030303,15.1515151515152,20.8604882962213
"822","Saharsa",2015,203,33,5,15.1515151515152,30.3030303030303,28.3819281611055
"823","Saharsa",2016,236,33,1,3.03030303030303,33.3333333333333,37.3358796521071
"824","Saharsa",2017,267,33,6,18.1818181818182,51.5151515151515,47.2509331598513
"825","Saharsa",2018,296,33,3,9.09090909090909,60.6060606060606,57.3876962598597
"826","Saharsa",2019,314,33,1,3.03030303030303,63.6363636363636,66.9394438800648
"827","Saharsa",2020,NA,NA,NA,NA,NA,75.2726707388467
"828","Saharsa",2021,NA,NA,NA,NA,NA,82.0681071596089
"829","Saharsa",2022,NA,NA,NA,NA,NA,87.3108695231753
"830","Saharsa",2023,NA,NA,NA,NA,NA,91.1854355372209
"831","Saharsa",2024,NA,NA,NA,NA,NA,93.9587809062195
"832","Saharsa",2025,NA,NA,NA,NA,NA,95.8987885091555
"833","Saharsa",2026,NA,NA,NA,NA,NA,97.2341433424013
"834","Saharsa",2027,NA,NA,NA,NA,NA,98.143125330153
"835","Saharsa",2028,NA,NA,NA,NA,NA,98.7571941686869
"836","Saharsa",2029,NA,NA,NA,NA,NA,99.1699078986832
"837","Saharsa",2030,NA,NA,NA,NA,NA,99.4463351077469
"838","Samastipur",2000,NA,NA,NA,NA,NA,1.51047437087691
"839","Samastipur",2001,NA,NA,NA,NA,NA,1.92473051391627
"840","Samastipur",2002,NA,NA,NA,NA,NA,2.44977282521986
"841","Samastipur",2003,NA,NA,NA,NA,NA,3.11349327195355
"842","Samastipur",2004,NA,NA,NA,NA,NA,3.94975552206361
"843","Samastipur",2005,52,20,2,10,10,4.99904250182932
"844","Samastipur",2006,NA,NA,NA,NA,NA,6.30877270748977
"845","Samastipur",2007,NA,NA,NA,NA,NA,7.93299322116944
"846","Samastipur",2008,NA,NA,NA,NA,NA,9.93105199880089
"847","Samastipur",2009,NA,NA,NA,NA,NA,12.3647690115323
"848","Samastipur",2010,103,20,2,10,20,15.2936261254736
"849","Samastipur",2011,NA,NA,NA,NA,NA,18.7676712802339
"850","Samastipur",2012,NA,NA,NA,NA,NA,22.8182856173046
"851","Samastipur",2013,149,20,1,5,25,27.447742350405
"852","Samastipur",2014,172,20,1,5,30,32.6194864930682
"853","Samastipur",2015,204,20,1,5,35,38.2519270258067
"854","Samastipur",2016,237,20,1,5,40,44.2186816619986
"855","Samastipur",2017,268,20,3,15,55,50.3571319257259
"856","Samastipur",2018,297,20,1,5,60,56.484834941476
"857","Samastipur",2019,NA,NA,NA,NA,NA,62.4206128573518
"858","Samastipur",2020,NA,NA,NA,NA,NA,68.0053362213754
"859","Samastipur",2021,NA,NA,NA,NA,NA,73.1175393061656
"860","Samastipur",2022,NA,NA,NA,NA,NA,77.6809831774887
"861","Samastipur",2023,NA,NA,NA,NA,NA,81.66402456036
"862","Samastipur",2024,NA,NA,NA,NA,NA,85.0728436109392
"863","Samastipur",2025,NA,NA,NA,NA,NA,87.9415095657624
"864","Samastipur",2026,NA,NA,NA,NA,NA,90.321600488234
"865","Samastipur",2027,NA,NA,NA,NA,NA,92.2731880943908
"866","Samastipur",2028,NA,NA,NA,NA,NA,93.8580107310821
"867","Samastipur",2029,NA,NA,NA,NA,NA,95.1349138945112
"868","Samastipur",2030,NA,NA,NA,NA,NA,96.1572210841489
"869","Saran",2000,24,21,1,4.76190476190476,4.76190476190476,0.159186060274695
"870","Saran",2001,NA,NA,NA,NA,NA,0.236700739476253
"871","Saran",2002,NA,NA,NA,NA,NA,0.351827707837016
"872","Saran",2003,NA,NA,NA,NA,NA,0.522656996391845
"873","Saran",2004,NA,NA,NA,NA,NA,0.775786373486683
"874","Saran",2005,NA,NA,NA,NA,NA,1.15009215236074
"875","Saran",2006,NA,NA,NA,NA,NA,1.70189748223939
"876","Saran",2007,NA,NA,NA,NA,NA,2.51172753011291
"877","Saran",2008,NA,NA,NA,NA,NA,3.69243159915501
"878","Saran",2009,NA,NA,NA,NA,NA,5.39742820303733
"879","Saran",2010,104,21,2,9.52380952380952,14.2857142857143,7.8257410915199
"880","Saran",2011,NA,NA,NA,NA,NA,11.2170185035568
"881","Saran",2012,129,21,1,4.76190476190476,19.047619047619,15.8255829998405
"882","Saran",2013,NA,NA,NA,NA,NA,21.8613664071953
"883","Saran",2014,173,21,1,4.76190476190476,23.8095238095238,29.3952567981325
"884","Saran",2015,205,21,1,4.76190476190476,28.5714285714286,38.2543940821451
"885","Saran",2016,238,21,5,23.8095238095238,52.3809523809524,47.9694981796768
"886","Saran",2017,269,21,3,14.2857142857143,66.6666666666667,57.8406383336477
"887","Saran",2018,NA,NA,NA,NA,NA,67.1225814761102
"888","Saran",2019,315,21,1,4.76190476190476,71.4285714285714,75.2359111126216
"889","Saran",2020,NA,NA,NA,NA,NA,81.8873465382606
"890","Saran",2021,NA,NA,NA,NA,NA,87.0595388822179
"891","Saran",2022,NA,NA,NA,NA,NA,90.9185727318559
"892","Saran",2023,NA,NA,NA,NA,NA,93.7099334662141
"893","Saran",2024,NA,NA,NA,NA,NA,95.6840417809507
"894","Saran",2025,NA,NA,NA,NA,NA,97.0580361660708
"895","Saran",2026,NA,NA,NA,NA,NA,98.0037423214266
"896","Saran",2027,NA,NA,NA,NA,NA,98.64967683888
"897","Saran",2028,NA,NA,NA,NA,NA,99.0885483696208
"898","Saran",2029,NA,NA,NA,NA,NA,99.3856695559593
"899","Saran",2030,NA,NA,NA,NA,NA,99.5863375110379
"900","Sheohar",2000,25,29,2,6.89655172413793,6.89655172413793,2.46661015479686
"901","Sheohar",2001,NA,NA,NA,NA,NA,3.0508630561866
"902","Sheohar",2002,NA,NA,NA,NA,NA,3.76815826004844
"903","Sheohar",2003,NA,NA,NA,NA,NA,4.64601650159532
"904","Sheohar",2004,NA,NA,NA,NA,NA,5.71623896372032
"905","Sheohar",2005,NA,NA,NA,NA,NA,7.01485382735977
"906","Sheohar",2006,NA,NA,NA,NA,NA,8.58163552055125
"907","Sheohar",2007,60,29,2,6.89655172413793,13.7931034482759,10.4589992562357
"908","Sheohar",2008,NA,NA,NA,NA,NA,12.6900542020421
"909","Sheohar",2009,NA,NA,NA,NA,NA,15.3156217493271
"910","Sheohar",2010,105,29,1,3.44827586206897,17.2413793103448,18.3701222014071
"911","Sheohar",2011,NA,NA,NA,NA,NA,21.8764338943456
"912","Sheohar",2012,130,29,1,3.44827586206897,20.6896551724138,25.8401434613229
"913","Sheohar",2013,NA,NA,NA,NA,NA,30.2439975395047
"914","Sheohar",2014,174,29,4,13.7931034482759,34.4827586206897,35.0437264754957
"915","Sheohar",2015,206,29,2,6.89655172413793,41.3793103448276,40.1665646369944
"916","Sheohar",2016,239,29,2,6.89655172413793,48.2758620689655,45.5135569739008
"917","Sheohar",2017,270,29,1,3.44827586206897,51.7241379310345,50.966038184871
"918","Sheohar",2018,298,29,1,3.44827586206897,55.1724137931034,56.3956313929463
"919","Sheohar",2019,NA,NA,NA,NA,NA,61.6760905094569
"920","Sheohar",2020,NA,NA,NA,NA,NA,66.6947321247777
"921","Sheohar",2021,NA,NA,NA,NA,NA,71.3613338265892
"922","Sheohar",2022,NA,NA,NA,NA,NA,75.6131550160525
"923","Sheohar",2023,NA,NA,NA,NA,NA,79.4158146818198
"924","Sheohar",2024,NA,NA,NA,NA,NA,82.7607116488343
"925","Sheohar",2025,NA,NA,NA,NA,NA,85.6602130934675
"926","Sheohar",2026,NA,NA,NA,NA,NA,88.1419174126072
"927","Sheohar",2027,NA,NA,NA,NA,NA,90.2430481294998
"928","Sheohar",2028,NA,NA,NA,NA,NA,92.0056470167093
"929","Sheohar",2029,NA,NA,NA,NA,NA,93.4728618362631
"930","Sheohar",2030,NA,NA,NA,NA,NA,94.6863485333074
"931","Sitamarhi",2000,NA,NA,NA,NA,NA,1.30565617229035
"932","Sitamarhi",2001,NA,NA,NA,NA,NA,1.75548441245193
"933","Sitamarhi",2002,NA,NA,NA,NA,NA,2.3565882469469
"934","Sitamarhi",2003,NA,NA,NA,NA,NA,3.15690506399035
"935","Sitamarhi",2004,NA,NA,NA,NA,NA,4.21727712369269
"936","Sitamarhi",2005,53,29,3,10.3448275862069,10.3448275862069,5.61317324588082
"937","Sitamarhi",2006,NA,NA,NA,NA,NA,7.43523760206091
"938","Sitamarhi",2007,NA,NA,NA,NA,NA,9.78742282064807
"939","Sitamarhi",2008,NA,NA,NA,NA,NA,12.7809904643024
"940","Sitamarhi",2009,NA,NA,NA,NA,NA,16.5224724912982
"941","Sitamarhi",2010,106,29,3,10.3448275862069,20.6896551724138,21.0943313751934
"942","Sitamarhi",2011,NA,NA,NA,NA,NA,26.5292123229597
"943","Sitamarhi",2012,131,29,2,6.89655172413793,27.5862068965517,32.7826037804252
"944","Sitamarhi",2013,150,29,4,13.7931034482759,41.3793103448276,39.713266624263
"945","Sitamarhi",2014,NA,NA,NA,NA,NA,47.0828305783971
"946","Sitamarhi",2015,207,29,4,13.7931034482759,55.1724137931034,54.5818070426814
"947","Sitamarhi",2016,240,29,3,10.3448275862069,65.5172413793103,61.8785196601962
"948","Sitamarhi",2017,NA,NA,NA,NA,NA,68.6757266545297
"949","Sitamarhi",2018,299,29,2,6.89655172413793,72.4137931034483,74.7554122578397
"950","Sitamarhi",2019,NA,NA,NA,NA,NA,79.998764550667
"951","Sitamarhi",2020,NA,NA,NA,NA,NA,84.3806089640072
"952","Sitamarhi",2021,NA,NA,NA,NA,NA,87.9471167739803
"953","Sitamarhi",2022,NA,NA,NA,NA,NA,90.7881586302738
"954","Sitamarhi",2023,NA,NA,NA,NA,NA,93.0127298634749
"955","Sitamarhi",2024,NA,NA,NA,NA,NA,94.7312647180929
"956","Sitamarhi",2025,NA,NA,NA,NA,NA,96.0450943162888
"957","Sitamarhi",2026,NA,NA,NA,NA,NA,97.0415345660956
"958","Sitamarhi",2027,NA,NA,NA,NA,NA,97.7926909656281
"959","Sitamarhi",2028,NA,NA,NA,NA,NA,98.3563585470238
"960","Sitamarhi",2029,NA,NA,NA,NA,NA,98.7778844638792
"961","Sitamarhi",2030,NA,NA,NA,NA,NA,99.092304104708
"962","Siwan",2000,NA,NA,NA,NA,NA,1.55992100975996
"963","Siwan",2001,NA,NA,NA,NA,NA,2.01662000183401
"964","Siwan",2002,NA,NA,NA,NA,NA,2.60349078774845
"965","Siwan",2003,NA,NA,NA,NA,NA,3.35530253137778
"966","Siwan",2004,NA,NA,NA,NA,NA,4.31459801393335
"967","Siwan",2005,54,23,3,13.0434782608696,13.0434782608696,5.53245972240198
"968","Siwan",2006,NA,NA,NA,NA,NA,7.06868662028697
"969","Siwan",2007,NA,NA,NA,NA,NA,8.99088691464566
"970","Siwan",2008,NA,NA,NA,NA,NA,11.3718317743479
"971","Siwan",2009,NA,NA,NA,NA,NA,14.284330066628
"972","Siwan",2010,107,23,1,4.34782608695652,17.3913043478261,17.7930092228464
"973","Siwan",2011,NA,NA,NA,NA,NA,21.9429016213485
"974","Siwan",2012,NA,NA,NA,NA,NA,26.7457814964875
"975","Siwan",2013,151,23,2,8.69565217391304,26.0869565217391,32.166704490454
"976","Siwan",2014,175,23,3,13.0434782608696,39.1304347826087,38.1146808455995
"977","Siwan",2015,208,23,1,4.34782608695652,43.4782608695652,44.4419238632888
"978","Siwan",2016,241,23,2,8.69565217391304,52.1739130434783,50.9546884168163
"979","Siwan",2017,271,23,2,8.69565217391304,60.8695652173913,57.4352062841609
"980","Siwan",2018,NA,NA,NA,NA,NA,63.6699573975413
"981","Siwan",2019,NA,NA,NA,NA,NA,69.4767954651196
"982","Siwan",2020,319,23,3,13.0434782608696,73.9130434782609,74.723951590158
"983","Siwan",2021,NA,NA,NA,NA,NA,79.3373492814212
"984","Siwan",2022,NA,NA,NA,NA,NA,83.296928642387
"985","Siwan",2023,NA,NA,NA,NA,NA,86.6256454527849
"986","Siwan",2024,NA,NA,NA,NA,NA,89.3756020634057
"987","Siwan",2025,NA,NA,NA,NA,NA,91.6148608357456
"988","Siwan",2026,NA,NA,NA,NA,NA,93.416923396932
"989","Siwan",2027,NA,NA,NA,NA,NA,94.8534580486609
"990","Siwan",2028,NA,NA,NA,NA,NA,95.9899736951653
"991","Siwan",2029,NA,NA,NA,NA,NA,96.8837569673597
"992","Siwan",2030,NA,NA,NA,NA,NA,97.5833428566005
"993","Supaul",2000,NA,NA,NA,NA,NA,0.0147616774422175
"994","Supaul",2001,NA,NA,NA,NA,NA,0.0258849706960295
"995","Supaul",2002,NA,NA,NA,NA,NA,0.0453861390117523
"996","Supaul",2003,NA,NA,NA,NA,NA,0.0795673662940779
"997","Supaul",2004,NA,NA,NA,NA,NA,0.139455257545132
"998","Supaul",2005,NA,NA,NA,NA,NA,0.244308697246973
"999","Supaul",2006,NA,NA,NA,NA,NA,0.427661579654482
"1000","Supaul",2007,NA,NA,NA,NA,NA,0.747588959004229
"1001","Supaul",2008,NA,NA,NA,NA,NA,1.30371571330974
"1002","Supaul",2009,NA,NA,NA,NA,NA,2.26410455068546
"1003","Supaul",2010,108,19,2,10.5263157894737,10.5263157894737,3.90398416470015
"1004","Supaul",2011,NA,NA,NA,NA,NA,6.65079516300265
"1005","Supaul",2012,NA,NA,NA,NA,NA,11.1068641569559
"1006","Supaul",2013,152,19,1,5.26315789473684,15.7894736842105,17.9736711736765
"1007","Supaul",2014,176,19,2,10.5263157894737,26.3157894736842,27.7600959027126
"1008","Supaul",2015,209,19,3,15.7894736842105,42.1052631578947,40.2597526232101
"1009","Supaul",2016,242,19,2,10.5263157894737,52.6315789473684,54.1674499538778
"1010","Supaul",2017,272,19,3,15.7894736842105,68.4210526315789,67.4547362682727
"1011","Supaul",2018,300,19,2,10.5263157894737,78.9473684210526,78.4242681027952
"1012","Supaul",2019,NA,NA,NA,NA,NA,86.4397342289734
"1013","Supaul",2020,NA,NA,NA,NA,NA,91.7891894902923
"1014","Supaul",2021,NA,NA,NA,NA,NA,95.1467977866707
"1015","Supaul",2022,NA,NA,NA,NA,NA,97.1736721287121
"1016","Supaul",2023,NA,NA,NA,NA,NA,98.3685642490105
"1017","Supaul",2024,NA,NA,NA,NA,NA,99.0631597640293
"1018","Supaul",2025,NA,NA,NA,NA,NA,99.4636387211047
"1019","Supaul",2026,NA,NA,NA,NA,NA,99.6934513401967
"1020","Supaul",2027,NA,NA,NA,NA,NA,99.8249703210481
"1021","Supaul",2028,NA,NA,NA,NA,NA,99.9001200692368
"1022","Supaul",2029,NA,NA,NA,NA,NA,99.9430223652136
"1023","Supaul",2030,NA,NA,NA,NA,NA,99.9675024592928
"1024","Vaishali",2000,NA,NA,NA,NA,NA,2.90729891845942
"1025","Vaishali",2001,NA,NA,NA,NA,NA,3.8064521946616
"1026","Vaishali",2002,NA,NA,NA,NA,NA,4.96945748452205
"1027","Vaishali",2003,NA,NA,NA,NA,NA,6.4639241313737
"1028","Vaishali",2004,NA,NA,NA,NA,NA,8.36824598767382
"1029","Vaishali",2005,NA,NA,NA,NA,NA,10.769003425495
"1030","Vaishali",2006,NA,NA,NA,NA,NA,13.7551212024805
"1031","Vaishali",2007,NA,NA,NA,NA,NA,17.4077200526921
"1032","Vaishali",2008,NA,NA,NA,NA,NA,21.7852455246619
"1033","Vaishali",2009,77,16,2,12.5,12.5,26.9049900481571
"1034","Vaishali",2010,109,16,6,37.5,50,32.7245179615361
"1035","Vaishali",2011,NA,NA,NA,NA,NA,39.1289704341677
"1036","Vaishali",2012,NA,NA,NA,NA,NA,45.9310882671661
"1037","Vaishali",2013,NA,NA,NA,NA,NA,52.888277558548
"1038","Vaishali",2014,177,16,1,6.25,56.25,59.7350337662034
"1039","Vaishali",2015,210,16,1,6.25,62.5,66.2222444612868
"1040","Vaishali",2016,243,16,2,12.5,75,72.1515409457452
"1041","Vaishali",2017,NA,NA,NA,NA,NA,77.3952973736055
"1042","Vaishali",2018,301,16,1,6.25,81.25,81.8993781477353
"1043","Vaishali",2019,316,16,1,6.25,87.5,85.6721444218417
"1044","Vaishali",2020,NA,NA,NA,NA,NA,88.7664028627594
"1045","Vaishali",2021,NA,NA,NA,NA,NA,91.2605891143816
"1046","Vaishali",2022,NA,NA,NA,NA,NA,93.2431468721935
"1047","Vaishali",2023,NA,NA,NA,NA,NA,94.8015750780631
"1048","Vaishali",2024,NA,NA,NA,NA,NA,96.0159192371224
"1049","Vaishali",2025,NA,NA,NA,NA,NA,96.9557037081123
"1050","Vaishali",2026,NA,NA,NA,NA,NA,97.6791655464211
"1051","Vaishali",2027,NA,NA,NA,NA,NA,98.2338321496167
"1052","Vaishali",2028,NA,NA,NA,NA,NA,98.6577580832461
"1053","Vaishali",2029,NA,NA,NA,NA,NA,98.9809863568076
"1054","Vaishali",2030,NA,NA,NA,NA,NA,99.226987186478
"1055","WestChamparan",2000,NA,NA,NA,NA,NA,0.156762683080205
"1056","WestChamparan",2001,NA,NA,NA,NA,NA,0.247188043436108
"1057","WestChamparan",2002,NA,NA,NA,NA,NA,0.389569912064536
"1058","WestChamparan",2003,NA,NA,NA,NA,NA,0.613460270072988
"1059","WestChamparan",2004,NA,NA,NA,NA,NA,0.96477676363263
"1060","WestChamparan",2005,NA,NA,NA,NA,NA,1.51421993134838
"1061","WestChamparan",2006,NA,NA,NA,NA,NA,2.36908726296185
"1062","WestChamparan",2007,61,11,1,9.09090909090909,9.09090909090909,3.68850283369623
"1063","WestChamparan",2008,NA,NA,NA,NA,NA,5.69984038739025
"1064","WestChamparan",2009,NA,NA,NA,NA,NA,8.70878433655763
"1065","WestChamparan",2010,110,11,2,18.1818181818182,27.2727272727273,13.085728854657
"1066","WestChamparan",2011,NA,NA,NA,NA,NA,19.1998298147558
"1067","WestChamparan",2012,NA,NA,NA,NA,NA,27.2741940256332
"1068","WestChamparan",2013,NA,NA,NA,NA,NA,37.181624632358
"1069","WestChamparan",2014,178,11,1,9.09090909090909,36.3636363636364,48.2978928833182
"1070","WestChamparan",2015,211,11,2,18.1818181818182,54.5454545454545,59.5852140002362
"1071","WestChamparan",2016,NA,NA,NA,NA,NA,69.9419289506515
"1072","WestChamparan",2017,273,11,3,27.2727272727273,81.8181818181818,78.5979086925863
"1073","WestChamparan",2018,302,11,2,18.1818181818182,100,85.2855972791396
"1074","WestChamparan",2019,NA,NA,NA,NA,NA,90.1455384165232
"1075","WestChamparan",2020,NA,NA,NA,NA,NA,93.5222339796813
"1076","WestChamparan",2021,NA,NA,NA,NA,NA,95.7958444535476
"1077","WestChamparan",2022,NA,NA,NA,NA,NA,97.29453285782
"1078","WestChamparan",2023,NA,NA,NA,NA,NA,98.2686278027687
"1079","WestChamparan",2024,NA,NA,NA,NA,NA,98.8959825997775
"1080","WestChamparan",2025,NA,NA,NA,NA,NA,99.2976429773171
"1081","WestChamparan",2026,NA,NA,NA,NA,NA,99.553831720692
"1082","WestChamparan",2027,NA,NA,NA,NA,NA,99.7168406274211
"1083","WestChamparan",2028,NA,NA,NA,NA,NA,99.8204011865177
"1084","WestChamparan",2029,NA,NA,NA,NA,NA,99.8861295444138
"1085","WestChamparan",2030,NA,NA,NA,NA,NA,99.9278204767533
